n,rep,variante,formas_distintas,resultado,tempo_ms,nos,backtracks
12,1,padrao,12,resolvida,187.096,15356,42582
12,1,agrupando,12,resolvida,178.346,15356,42582
12,2,padrao,12,resolvida,1007.710,91930,251588
12,2,agrupando,12,resolvida,1033.370,91930,251588
12,3,padrao,12,resolvida,911.077,82349,218617
12,3,agrupando,12,resolvida,945.568,82349,218617
12,4,padrao,12,resolvida,815.905,68547,193898
12,4,agrupando,12,resolvida,819.591,68547,193898
12,5,padrao,12,resolvida,294.997,26637,62800
12,5,agrupando,12,resolvida,303.084,26637,62800
12,6,padrao,12,resolvida,45.124,3414,9756
12,6,agrupando,12,resolvida,44.701,3414,9756
12,7,padrao,12,resolvida,3631.743,316808,857279
12,7,agrupando,12,resolvida,4120.435,316808,857279
12,8,padrao,12,resolvida,231.588,17153,47135
12,8,agrupando,12,resolvida,223.775,17153,47135
12,9,padrao,12,resolvida,2111.650,170236,457457
12,9,agrupando,12,resolvida,2050.238,170236,457457
12,10,padrao,12,resolvida,1778.253,143536,391078
12,10,agrupando,12,resolvida,1846.429,143536,391078
13,1,padrao,9,resolvida,3370.787,282505,757641
13,1,agrupando,9,resolvida,1049.624,89455,231994
13,2,padrao,7,resolvida,473.544,39079,64365
13,2,agrupando,7,resolvida,79.621,6981,11543
13,3,padrao,8,resolvida,9837.429,757109,2155108
13,3,agrupando,8,resolvida,1713.592,139310,375834
13,4,padrao,9,resolvida,5646.530,413135,1334288
13,4,agrupando,9,resolvida,1662.127,123422,378338
13,5,padrao,9,resolvida,104.704,8959,22009
13,5,agrupando,9,resolvida,32.556,2743,6698
13,6,padrao,8,resolvida,114.339,9037,24372
13,6,agrupando,8,resolvida,40.653,3366,8281
13,7,padrao,8,resolvida,907.934,79308,213784
13,7,agrupando,8,resolvida,205.019,18409,46703
13,8,padrao,9,resolvida,3689.230,323661,787890
13,8,agrupando,9,resolvida,989.674,90338,207425
13,9,padrao,8,resolvida,2078.279,170568,389728
13,9,agrupando,8,resolvida,293.519,25656,53757
13,10,padrao,8,resolvida,815.006,55998,171552
13,10,agrupando,8,resolvida,255.498,18762,52536
14,1,padrao,9,resolvida,1070.432,78445,167259
14,1,agrupando,9,resolvida,198.298,15884,31122
14,2,padrao,9,resolvida,3750.000,274045,819232
14,2,agrupando,9,resolvida,1233.486,93076,264564
14,3,padrao,8,resolvida,6153.736,510014,1438607
14,3,agrupando,8,resolvida,639.384,55977,142495
14,4,padrao,8,resolvida,1421.959,118768,321876
14,4,agrupando,8,resolvida,250.016,21561,55686
14,5,padrao,8,resolvida,129.323,9440,26858
14,5,agrupando,8,resolvida,50.004,3776,10273
14,6,padrao,8,resolvida,7218.308,662549,1344862
14,6,agrupando,8,resolvida,1070.670,103545,195207
14,7,padrao,9,resolvida,44.807,3123,9716
14,7,agrupando,9,resolvida,15.227,1111,3275
14,8,padrao,9,resolvida,1640.846,127645,343519
14,8,agrupando,9,resolvida,381.584,31353,74384
14,9,padrao,9,resolvida,825.975,75654,162449
14,9,agrupando,9,resolvida,169.650,15845,33096
14,10,padrao,10,resolvida,2.561,162,531
14,10,agrupando,10,resolvida,1.319,92,241
15,1,padrao,10,resolvida,12843.982,945882,1499647
15,1,agrupando,10,resolvida,2053.600,160219,256155
15,2,padrao,9,limite,20001.408,1320000,4312529
15,2,agrupando,9,resolvida,11749.269,840108,2586423
15,3,padrao,8,resolvida,21.507,1575,4120
15,3,agrupando,8,resolvida,3.605,234,583
15,4,padrao,9,resolvida,2122.431,151291,388044
15,4,agrupando,9,resolvida,611.165,47592,113422
15,5,padrao,10,resolvida,101.223,7015,19123
15,5,agrupando,10,resolvida,62.926,4527,11430
15,6,padrao,8,limite,20024.934,1275000,4000286
15,6,agrupando,8,resolvida,7803.867,554070,1518098
15,7,padrao,9,limite,20029.316,1355000,3616937
15,7,agrupando,9,resolvida,5240.523,398894,973055
15,8,padrao,10,resolvida,3241.994,210913,730350
15,8,agrupando,10,resolvida,886.626,62421,192833
15,9,padrao,10,resolvida,489.982,29845,101813
15,9,agrupando,10,resolvida,170.123,11491,34334
15,10,padrao,9,resolvida,836.824,51023,155901
15,10,agrupando,9,resolvida,207.691,13776,37921
16,1,padrao,10,resolvida,5229.277,410912,974749
16,1,agrupando,10,resolvida,627.230,47676,110307
16,2,padrao,10,resolvida,11253.745,807437,2167291
16,2,agrupando,10,resolvida,1315.067,97601,240861
16,3,padrao,10,limite,20047.605,1515000,2639091
16,3,agrupando,10,resolvida,2890.774,233854,415782
16,4,padrao,10,resolvida,2177.236,141236,440549
16,4,agrupando,10,resolvida,770.449,51159,155346
16,5,padrao,8,resolvida,16.571,1178,3081
16,5,agrupando,8,resolvida,4.485,283,681
16,6,padrao,9,resolvida,280.231,21118,52537
16,6,agrupando,9,resolvida,56.865,4574,10457
16,7,padrao,10,resolvida,6377.879,412145,1239551
16,7,agrupando,10,resolvida,1770.495,118294,329661
16,8,padrao,9,resolvida,3898.097,276482,827640
16,8,agrupando,9,resolvida,868.142,64070,179474
16,9,padrao,9,resolvida,662.997,45218,144028
16,9,agrupando,9,resolvida,133.470,9435,28131
16,10,padrao,10,limite,20006.096,1140000,4839537
16,10,agrupando,10,resolvida,11732.609,692612,2680874
17,1,padrao,12,resolvida,3727.876,225029,806727
17,1,agrupando,12,resolvida,2121.917,129723,454990
17,2,padrao,9,resolvida,2189.957,153189,454501
17,2,agrupando,9,resolvida,184.039,13887,36749
17,3,padrao,10,limite,20030.638,1160000,4064971
17,3,agrupando,10,resolvida,8120.023,524345,1611784
17,4,padrao,10,resolvida,732.903,55780,136924
17,4,agrupando,10,resolvida,282.212,21759,51511
17,5,padrao,10,limite,20070.703,1155000,4357186
17,5,agrupando,10,resolvida,4570.633,276406,985019
17,6,padrao,11,limite,20057.449,990000,3981913
17,6,agrupando,11,limite,20050.328,1090000,3708382
17,7,padrao,10,limite,20076.787,1235000,4216438
17,7,agrupando,10,resolvida,2355.280,158783,503136
17,8,padrao,10,limite,20012.578,1155000,4466455
17,8,agrupando,10,limite,20032.615,1265000,4490047
17,9,padrao,9,limite,20058.805,1225000,3255387
17,9,agrupando,9,resolvida,2708.129,177943,443920
17,10,padrao,10,resolvida,6079.873,403275,1100230
17,10,agrupando,10,resolvida,1269.967,88701,225917
18,1,padrao,11,limite,20025.827,1405000,4221815
18,1,agrupando,11,resolvida,5659.401,403905,1172858
18,2,padrao,10,resolvida,1317.581,98410,266211
18,2,agrupando,10,resolvida,254.673,19605,49331
18,3,padrao,11,limite,20057.189,975000,3470954
18,3,agrupando,11,limite,20062.025,1040000,3486057
18,4,padrao,11,resolvida,17874.714,1287017,3023010
18,4,agrupando,11,resolvida,3822.027,284504,598583
18,5,padrao,10,resolvida,122.113,8155,22403
18,5,agrupando,10,resolvida,41.001,2861,7406
18,6,padrao,10,limite,20054.978,1325000,4278219
18,6,agrupando,10,resolvida,3786.536,266964,759140
18,7,padrao,11,limite,20016.914,1130000,4146731
18,7,agrupando,11,limite,20070.919,1200000,4007461
18,8,padrao,10,limite,20049.475,1505000,4181777
18,8,agrupando,10,resolvida,2330.717,178170,460602
18,9,padrao,11,limite,20082.701,1305000,3885368
18,9,agrupando,11,resolvida,7598.889,553943,1544558
18,10,padrao,11,limite,20013.383,1335000,3922517
18,10,agrupando,11,resolvida,9037.014,625928,1726965
