n,tabuleiros,resolvidas,total,tempo_media,tempo_mediana,tempo_min,tempo_max,tempo_dp,nos_media,nos_mediana,nos_max,backtracks_media,backtracks_mediana,podas_media
3,3x5/5x3,30,30,0.072,0.066,0.047,0.194,0.033,4.4,4.0,7,1.6,1.0,1.1
4,4x5/2x10/5x4,30,30,0.103,0.089,0.071,0.223,0.035,6.3,6.0,11,3.6,2.0,2.3
5,5x5/1x25,30,30,0.128,0.111,0.046,0.343,0.067,10.6,7.5,29,8.9,2.5,4.3
6,5x6,30,30,0.290,0.187,0.105,1.231,0.238,22.2,15.0,78,31.4,17.5,16.2
7,5x7,30,30,0.811,0.382,0.122,3.573,1.004,79.0,36.0,396,149.9,53.0,78.9
8,5x8,30,30,3.685,2.389,0.147,17.969,4.266,402.3,262.0,1995,886.5,538.5,493.2
9,5x9,30,30,6.268,2.415,0.153,27.804,8.591,632.2,222.0,2779,1482.8,510.5,860.6
10,5x10,30,30,32.406,24.062,0.195,90.423,31.032,3191.2,2300.0,8937,7478.0,5498.0,4297.7
11,5x11,10,10,84.036,12.290,0.214,339.794,119.984,7886.0,1254.5,32546,20369.0,2705.0,12495.0
12,6x10,10,10,134.172,18.440,0.246,620.225,218.403,11984.4,1517.0,53020,31118.5,3668.5,19147.1
