n,rep,tabuleiro,resultado,tempo_ms,nos,backtracks,podas_ilha
3,1,3x5,resolvida,0.059,5,2,1
3,2,5x3,resolvida,0.178,4,1,1
3,3,3x5,resolvida,0.071,4,0,0
3,4,5x3,resolvida,0.056,4,0,0
3,5,3x5,resolvida,0.080,4,3,3
3,6,3x5,resolvida,0.069,4,2,2
3,7,3x5,resolvida,0.055,4,2,2
3,8,3x5,resolvida,0.055,4,3,3
3,9,3x5,resolvida,0.047,4,1,1
3,10,3x5,resolvida,0.071,4,0,0
3,11,3x5,resolvida,0.053,4,0,0
3,12,3x5,resolvida,0.067,7,6,3
3,13,3x5,resolvida,0.067,7,6,3
3,14,3x5,resolvida,0.056,4,1,1
3,15,3x5,resolvida,0.084,4,3,3
3,16,3x5,resolvida,0.194,4,0,0
3,17,5x3,resolvida,0.084,5,2,1
3,18,3x5,resolvida,0.072,4,1,1
3,19,5x3,resolvida,0.068,4,1,1
3,20,3x5,resolvida,0.065,4,0,0
3,21,5x3,resolvida,0.063,4,0,0
3,22,3x5,resolvida,0.050,4,0,0
3,23,3x5,resolvida,0.057,4,3,3
3,24,3x5,resolvida,0.069,4,1,1
3,25,5x3,resolvida,0.060,5,1,0
3,26,3x5,resolvida,0.060,4,0,0
3,27,3x5,resolvida,0.047,4,0,0
3,28,3x5,resolvida,0.069,4,1,1
3,29,3x5,resolvida,0.061,5,1,0
3,30,3x5,resolvida,0.080,7,6,3
4,1,4x5,resolvida,0.161,7,6,4
4,2,4x5,resolvida,0.089,6,3,2
4,3,4x5,resolvida,0.072,5,0,0
4,4,2x10,resolvida,0.081,5,1,1
4,5,5x4,resolvida,0.099,7,5,3
4,6,4x5,resolvida,0.091,7,5,3
4,7,4x5,resolvida,0.114,5,0,0
4,8,5x4,resolvida,0.099,7,5,3
4,9,4x5,resolvida,0.071,6,1,0
4,10,4x5,resolvida,0.078,5,1,1
4,11,5x4,resolvida,0.132,11,15,9
4,12,2x10,resolvida,0.084,5,1,1
4,13,4x5,resolvida,0.223,5,3,3
4,14,4x5,resolvida,0.078,5,0,0
4,15,4x5,resolvida,0.115,7,6,4
4,16,5x4,resolvida,0.087,5,0,0
4,17,4x5,resolvida,0.156,10,15,10
4,18,5x4,resolvida,0.087,5,0,0
4,19,4x5,resolvida,0.075,6,1,0
4,20,4x5,resolvida,0.124,7,5,3
4,21,5x4,resolvida,0.095,6,6,5
4,22,4x5,resolvida,0.086,5,1,1
4,23,4x5,resolvida,0.089,7,3,1
4,24,5x4,resolvida,0.121,11,10,4
4,25,5x4,resolvida,0.173,6,6,5
4,26,2x10,resolvida,0.079,5,1,1
4,27,4x5,resolvida,0.078,5,0,0
4,28,5x4,resolvida,0.105,7,6,4
4,29,5x4,resolvida,0.081,5,1,1
4,30,2x10,resolvida,0.080,5,1,1
5,1,5x5,resolvida,0.247,29,47,24
5,2,5x5,resolvida,0.140,12,19,13
5,3,5x5,resolvida,0.094,7,4,3
5,4,1x25,resolvida,0.047,6,0,0
5,5,5x5,resolvida,0.179,23,24,7
5,6,5x5,resolvida,0.090,6,0,0
5,7,1x25,resolvida,0.046,6,0,0
5,8,5x5,resolvida,0.091,6,0,0
5,9,5x5,resolvida,0.213,29,36,13
5,10,5x5,resolvida,0.090,6,0,0
5,11,5x5,resolvida,0.091,6,1,1
5,12,5x5,resolvida,0.113,8,4,2
5,13,5x5,resolvida,0.128,13,9,2
5,14,5x5,resolvida,0.125,9,6,3
5,15,5x5,resolvida,0.141,10,11,7
5,16,5x5,resolvida,0.211,6,0,0
5,17,5x5,resolvida,0.097,7,1,0
5,18,5x5,resolvida,0.108,8,2,0
5,19,5x5,resolvida,0.162,15,19,10
5,20,5x5,resolvida,0.140,13,11,4
5,21,5x5,resolvida,0.150,7,1,0
5,22,5x5,resolvida,0.097,8,3,1
5,23,1x25,resolvida,0.046,6,0,0
5,24,1x25,resolvida,0.053,6,0,0
5,25,5x5,resolvida,0.343,22,37,21
5,26,1x25,resolvida,0.049,6,0,0
5,27,5x5,resolvida,0.188,13,19,12
5,28,5x5,resolvida,0.197,14,13,5
5,29,5x5,resolvida,0.089,6,0,0
5,30,5x5,resolvida,0.088,6,0,0
6,1,5x6,resolvida,0.152,7,0,0
6,2,5x6,resolvida,0.134,7,1,1
6,3,5x6,resolvida,0.528,45,84,46
6,4,5x6,resolvida,0.294,25,33,15
6,5,5x6,resolvida,0.148,7,0,0
6,6,5x6,resolvida,0.133,8,1,0
6,7,5x6,resolvida,0.416,42,78,43
6,8,5x6,resolvida,0.193,18,18,7
6,9,5x6,resolvida,0.563,58,112,61
6,10,5x6,resolvida,0.105,7,0,0
6,11,5x6,resolvida,0.178,9,4,2
6,12,5x6,resolvida,0.157,14,19,12
6,13,5x6,resolvida,0.547,37,46,16
6,14,5x6,resolvida,0.514,54,98,51
6,15,5x6,resolvida,0.214,21,27,13
6,16,5x6,resolvida,0.200,16,19,10
6,17,5x6,resolvida,0.181,18,18,7
6,18,5x6,resolvida,0.117,10,7,4
6,19,5x6,resolvida,0.228,11,12,8
6,20,5x6,resolvida,0.600,45,84,46
6,21,5x6,resolvida,0.458,35,48,20
6,22,5x6,resolvida,1.231,78,153,82
6,23,5x6,resolvida,0.125,9,3,1
6,24,5x6,resolvida,0.180,16,17,8
6,25,5x6,resolvida,0.142,11,10,6
6,26,5x6,resolvida,0.296,7,0,0
6,27,5x6,resolvida,0.318,28,40,19
6,28,5x6,resolvida,0.126,9,5,3
6,29,5x6,resolvida,0.108,8,2,1
6,30,5x6,resolvida,0.119,7,3,3
7,1,5x7,resolvida,0.159,8,1,1
7,2,5x7,resolvida,3.005,358,738,388
7,3,5x7,resolvida,0.333,16,14,6
7,4,5x7,resolvida,0.763,88,148,68
7,5,5x7,resolvida,0.190,18,17,7
7,6,5x7,resolvida,0.786,91,149,66
7,7,5x7,resolvida,0.876,109,173,72
7,8,5x7,resolvida,0.122,8,0,0
7,9,5x7,resolvida,0.820,88,148,68
7,10,5x7,resolvida,1.316,154,298,152
7,11,5x7,resolvida,0.172,14,11,5
7,12,5x7,resolvida,0.182,10,6,4
7,13,5x7,resolvida,3.573,268,606,346
7,14,5x7,resolvida,0.199,12,8,4
7,15,5x7,resolvida,0.654,55,104,57
7,16,5x7,resolvida,2.514,241,555,322
7,17,5x7,resolvida,0.621,66,125,67
7,18,5x7,resolvida,0.158,12,7,3
7,19,5x7,resolvida,0.620,64,129,73
7,20,5x7,resolvida,0.143,8,5,5
7,21,5x7,resolvida,0.317,22,26,12
7,22,5x7,resolvida,0.209,18,18,8
7,23,5x7,resolvida,0.432,50,80,38
7,24,5x7,resolvida,0.960,61,136,83
7,25,5x7,resolvida,0.160,8,3,3
7,26,5x7,resolvida,1.006,95,159,72
7,27,5x7,resolvida,3.550,396,814,426
7,28,5x7,resolvida,0.180,13,9,4
7,29,5x7,resolvida,0.146,8,3,3
7,30,5x7,resolvida,0.166,12,8,4
8,1,5x8,resolvida,3.760,346,837,500
8,2,5x8,resolvida,17.969,1995,4718,2732
8,3,5x8,resolvida,3.719,434,862,437
8,4,5x8,resolvida,0.178,11,3,1
8,5,5x8,resolvida,1.254,118,262,153
8,6,5x8,resolvida,0.158,9,0,0
8,7,5x8,resolvida,1.234,119,262,152
8,8,5x8,resolvida,5.449,651,1402,760
8,9,5x8,resolvida,8.672,1021,2218,1206
8,10,5x8,resolvida,2.193,244,504,269
8,11,5x8,resolvida,0.217,16,14,7
8,12,5x8,resolvida,6.297,767,1593,835
8,13,5x8,resolvida,5.929,719,1550,840
8,14,5x8,resolvida,0.581,51,94,52
8,15,5x8,resolvida,12.912,1333,2868,1544
8,16,5x8,resolvida,0.791,76,128,61
8,17,5x8,resolvida,0.165,9,0,0
8,18,5x8,resolvida,3.273,333,745,421
8,19,5x8,resolvida,2.585,280,573,302
8,20,5x8,resolvida,10.484,1112,2680,1577
8,21,5x8,resolvida,6.270,676,1547,880
8,22,5x8,resolvida,0.870,95,198,112
8,23,5x8,resolvida,0.147,9,2,2
8,24,5x8,resolvida,0.826,76,128,61
8,25,5x8,resolvida,5.184,580,1278,707
8,26,5x8,resolvida,5.064,547,1230,692
8,27,5x8,resolvida,0.166,9,1,1
8,28,5x8,resolvida,0.845,66,134,77
8,29,5x8,resolvida,0.714,78,136,67
8,30,5x8,resolvida,2.655,289,627,347
9,1,5x9,resolvida,7.300,706,1674,978
9,2,5x9,resolvida,0.179,10,1,1
9,3,5x9,resolvida,0.597,42,80,48
9,4,5x9,resolvida,21.843,2486,5735,3259
9,5,5x9,resolvida,3.214,329,754,435
9,6,5x9,resolvida,13.465,1432,3167,1745
9,7,5x9,resolvida,20.893,2163,5003,2850
9,8,5x9,resolvida,0.218,14,8,4
9,9,5x9,resolvida,7.381,700,1728,1038
9,10,5x9,resolvida,0.431,36,60,34
9,11,5x9,resolvida,0.216,14,6,2
9,12,5x9,resolvida,0.180,10,0,0
9,13,5x9,resolvida,2.055,181,487,316
9,14,5x9,resolvida,2.747,246,534,298
9,15,5x9,resolvida,27.804,2779,7117,4348
9,16,5x9,resolvida,0.210,11,6,5
9,17,5x9,resolvida,4.667,497,1052,565
9,18,5x9,resolvida,2.083,198,424,236
9,19,5x9,resolvida,0.173,10,0,0
9,20,5x9,resolvida,0.330,27,34,17
9,21,5x9,resolvida,0.660,56,84,38
9,22,5x9,resolvida,20.547,2181,4783,2612
9,23,5x9,resolvida,0.210,11,2,1
9,24,5x9,resolvida,4.083,385,852,477
9,25,5x9,resolvida,0.257,10,1,1
9,26,5x9,resolvida,0.153,10,0,0
9,27,5x9,resolvida,2.963,292,688,406
9,28,5x9,resolvida,25.513,2200,6397,4207
9,29,5x9,resolvida,13.252,1473,2833,1370
9,30,5x9,resolvida,4.429,458,974,526
10,1,5x10,resolvida,12.523,1182,2838,1667
10,2,5x10,resolvida,6.596,573,1433,871
10,3,5x10,resolvida,1.339,115,238,134
10,4,5x10,resolvida,87.488,8475,19063,10599
10,5,5x10,resolvida,2.946,237,596,370
10,6,5x10,resolvida,1.152,74,127,64
10,7,5x10,resolvida,90.423,8937,20501,11575
10,8,5x10,resolvida,47.802,4853,11119,6277
10,9,5x10,resolvida,52.198,5165,12104,6950
10,10,5x10,resolvida,30.819,3007,6914,3918
10,11,5x10,resolvida,53.522,5122,12225,7114
10,12,5x10,resolvida,0.211,11,1,1
10,13,5x10,resolvida,16.938,1652,3368,1727
10,14,5x10,resolvida,32.039,3323,7390,4078
10,15,5x10,resolvida,87.417,8937,20501,11575
10,16,5x10,resolvida,30.781,2948,6711,3774
10,17,5x10,resolvida,0.211,11,1,1
10,18,5x10,resolvida,17.620,1627,4285,2669
10,19,5x10,resolvida,10.450,952,2367,1426
10,20,5x10,resolvida,10.124,952,2367,1426
10,21,5x10,resolvida,10.371,870,2263,1404
10,22,5x10,resolvida,57.293,6000,14047,8058
10,23,5x10,resolvida,0.195,11,0,0
10,24,5x10,resolvida,80.963,8060,19396,11347
10,25,5x10,resolvida,81.453,8060,19396,11347
10,26,5x10,resolvida,7.929,693,1758,1076
10,27,5x10,resolvida,5.417,517,1240,734
10,28,5x10,resolvida,30.628,3007,6914,3918
10,29,5x10,resolvida,30.504,3007,6914,3918
10,30,5x10,resolvida,74.830,7359,18262,10914
11,1,5x11,resolvida,339.794,32546,80144,47610
11,2,5x11,resolvida,0.271,12,0,0
11,3,5x11,resolvida,94.249,9029,23390,14373
11,4,5x11,resolvida,230.641,20932,57236,36316
11,5,5x11,resolvida,148.917,13673,37247,23586
11,6,5x11,resolvida,1.461,135,259,136
11,7,5x11,resolvida,0.214,12,1,1
11,8,5x11,resolvida,3.160,280,704,436
11,9,5x11,resolvida,0.235,12,3,3
11,10,5x11,resolvida,21.420,2229,4706,2489
12,1,6x10,resolvida,18.540,1717,4125,2421
12,2,6x10,resolvida,620.225,53020,148843,95836
12,3,6x10,resolvida,18.340,1717,4125,2421
12,4,6x10,resolvida,0.415,15,7,5
12,5,6x10,resolvida,19.615,1317,3212,1908
12,6,6x10,resolvida,268.842,22856,61911,39068
12,7,6x10,resolvida,0.246,13,1,1
12,8,6x10,resolvida,5.603,471,1141,683
12,9,6x10,resolvida,388.932,38639,87682,49056
12,10,6x10,resolvida,0.961,79,138,72
